60,5,5,0.0844751552977,0.06258572273572355
84,7,7,-0.0727919899304,-0.26131811427516394
24,2,2,0.696737430661,0.6819579187456574
36,3,3,0.58875192249,0.4696991394961984
29,2,7,0.0217494784063,0.32556248898054385
79,7,2,0.274721577955,0.4814082703707401
23,2,1,0.644149679339,0.6329452093017303
46,4,2,0.554307297364,0.9914210422216984
57,5,2,0.411845679244,0.2726158494921841
35,3,2,0.673978474366,0.8430097822441425
34,3,1,0.665324566273,0.5388796827860964
13,1,2,0.601139569162,0.7020643045449562
25,2,3,0.553428190789,0.650671582141831
45,4,1,0.54469031678,0.6737315646439723
14,1,3,0.399842472568,0.18078249403867513
46,4,2,0.554307297364,0.34211880600454414
12,1,1,0.526120593384,0.6361565367050817
101,9,2,0.571499092965,1.0389565922408184
101,9,2,0.571499092965,0.35562290961341436
91,8,3,0.114525358297,-0.013590060303465074
27,2,5,0.108740031463,-0.008114470837634821
100,9,1,0.944344470803,1.0869921344982245
100,9,1,0.944344470803,0.8111114035631664
89,8,1,0.623024355598,0.7018615948897238
100,9,1,0.944344470803,0.73804282711537
78,7,1,0.377288827749,0.610296928450198
100,9,1,0.944344470803,1.152704478699793
100,9,1,0.944344470803,1.0994619063539963
100,9,1,0.944344470803,0.9728856466467388
100,9,1,0.944344470803,1.0762855794606285
100,9,1,0.944344470803,1.0057791925629604
100,9,1,0.944344470803,1.2820280733950244
100,9,1,0.944344470803,0.7917992475565003
100,9,1,0.944344470803,0.9880874085387928
100,9,1,0.944344470803,1.244158187502746
100,9,1,0.944344470803,0.9801310171777213
100,9,1,0.944344470803,1.0559663626205449
100,9,1,0.944344470803,1.0828652948171282
100,9,1,0.944344470803,0.9778940336900944
100,9,1,0.944344470803,0.7017707959452664
89,8,1,0.623024355598,0.8798599739625728
100,9,1,0.944344470803,0.9684428771629741
89,8,1,0.623024355598,0.56774772841189
100,9,1,0.944344470803,0.9661243668475563
100,9,1,0.944344470803,1.276945229026621
100,9,1,0.944344470803,1.3004741674066724
100,9,1,0.944344470803,1.0209770051154496
100,9,1,0.944344470803,0.8724102304892665
100,9,1,0.944344470803,0.5614882430962358
100,9,1,0.944344470803,0.8514062097258728
67,6,1,0.315963187077,0.23034777556924801
100,9,1,0.944344470803,0.8106491548156094
100,9,1,0.944344470803,0.8227308453266464
90,8,2,0.363690197022,0.422206978844845
100,9,1,0.944344470803,0.7475572709361893
35,3,2,0.673978474366,0.5378377205999598
20,1,9,0.11643519602,-0.010813712537676615
100,9,1,0.944344470803,1.2462497334038845
100,9,1,0.944344470803,1.0168225198200256
100,9,1,0.944344470803,0.8048551683953216
100,9,1,0.944344470803,1.0916994179016328
100,9,1,0.944344470803,0.8806158698426604
100,9,1,0.944344470803,1.0367704589934286
100,9,1,0.944344470803,1.0074064971538905
100,9,1,0.944344470803,0.8628828507358948
100,9,1,0.944344470803,1.1208920888616847
100,9,1,0.944344470803,0.947755746475876
100,9,1,0.944344470803,0.7857002922753951
102,9,3,0.0842029815904,0.0035449515035040624
100,9,1,0.944344470803,1.0445006582172214
100,9,1,0.944344470803,0.43317593878778893
108,9,9,-1.12619060061,-1.0173013002232116
24,2,2,0.696737430661,0.8494171399389021
23,2,1,0.644149679339,0.955218750245715
23,2,1,0.644149679339,0.39439023519626726
24,2,2,0.696737430661,0.7751593046953338
12,1,1,0.526120593384,0.48156923735028667
47,4,3,0.472963918647,0.4843174528498448
100,9,1,0.944344470803,0.9573283511336588
100,9,1,0.944344470803,0.7821370229394486
56,5,1,0.397634637993,0.14452737904858465
100,9,1,0.944344470803,0.9062577268034183
13,1,2,0.601139569162,0.7932036741463158
100,9,1,0.944344470803,1.0049338323220152
100,9,1,0.944344470803,0.45010787447013556
24,2,2,0.696737430661,0.5822307064509887
89,8,1,0.623024355598,0.7688378638782956
100,9,1,0.944344470803,1.1240176727301692
100,9,1,0.944344470803,0.9040812933309542
100,9,1,0.944344470803,0.9274267983435265
100,9,1,0.944344470803,0.753998485551562
34,3,1,0.665324566273,0.5501557491190157
13,1,2,0.601139569162,1.2660401871131883
13,1,2,0.601139569162,0.6796586473162478
13,1,2,0.601139569162,0.6713174773066068
15,1,4,0.263458842941,0.23739503436381731
101,9,2,0.571499092965,0.7065259568506719
53,4,9,-0.265726051981,-0.08766506291783946
13,1,2,0.601139569162,0.6020453272390461
100,9,1,0.944344470803,0.9636127322759381
100,9,1,0.944344470803,0.8130806301859952
89,8,1,0.623024355598,1.1320758083738367
89,8,1,0.623024355598,1.0625400915064604
89,8,1,0.623024355598,0.7277470952272589
89,8,1,0.623024355598,0.1110327218934487
100,9,1,0.944344470803,0.7314877747412326
100,9,1,0.944344470803,1.1224095644647831
100,9,1,0.944344470803,0.9982598583942229
100,9,1,0.944344470803,0.5404368411284157
35,3,2,0.673978474366,0.8735973789272732
35,3,2,0.673978474366,1.1260668448973057
35,3,2,0.673978474366,0.5030556275112329
24,2,2,0.696737430661,0.4049692495551573
45,4,1,0.54469031678,0.4257294478117092
100,9,1,0.944344470803,1.0259608453106583
100,9,1,0.944344470803,0.773349012034636
100,9,1,0.944344470803,0.9733043580361813
100,9,1,0.944344470803,1.0066763401918981
100,9,1,0.944344470803,0.7866814792262466
78,7,1,0.377288827749,0.3062168780879984
100,9,1,0.944344470803,1.3788251228866975
100,9,1,0.944344470803,0.9465300550464604
100,9,1,0.944344470803,1.065739701599508
100,9,1,0.944344470803,1.1533758836996766
100,9,1,0.944344470803,0.5869638003256885
100,9,1,0.944344470803,0.8483480596066189
100,9,1,0.944344470803,1.0314042901343028
100,9,1,0.944344470803,1.1066728647393813
100,9,1,0.944344470803,1.0454707209905314
100,9,1,0.944344470803,0.8811173460393835
100,9,1,0.944344470803,1.0311452200971174
100,9,1,0.944344470803,0.4749379547397287
37,3,4,0.356816886082,0.20462251065487305
100,9,1,0.944344470803,0.9546381752302251
101,9,2,0.571499092965,0.42259670979366193
100,9,1,0.944344470803,1.2331058568191644
100,9,1,0.944344470803,0.2961770262618535
35,3,2,0.673978474366,0.7880426175148698
100,9,1,0.944344470803,0.7965628179000688
12,1,1,0.526120593384,0.5540004893039616
100,9,1,0.944344470803,0.726040990657472
100,9,1,0.944344470803,0.9161727991039468
25,2,3,0.553428190789,0.2526283068910684
100,9,1,0.944344470803,0.6556183993743694
13,1,2,0.601139569162,0.2780283902645799
100,9,1,0.944344470803,0.7549507563410085
35,3,2,0.673978474366,0.8235917933086472
104,9,5,-0.359460053647,-0.5645455465262561
100,9,1,0.944344470803,1.1160181402104685
100,9,1,0.944344470803,1.0388579064051933
100,9,1,0.944344470803,1.0330577665943508
100,9,1,0.944344470803,1.0510723431087843
100,9,1,0.944344470803,0.5410897073986443
100,9,1,0.944344470803,0.8678268052540913
100,9,1,0.944344470803,0.7288524045015129
35,3,2,0.673978474366,0.8767496223866733
35,3,2,0.673978474366,0.9297803160951612
35,3,2,0.673978474366,0.7726145554615643
34,3,1,0.665324566273,0.6545975334050498
23,2,1,0.644149679339,1.1131306126124934
23,2,1,0.644149679339,0.19536357227699475
46,4,2,0.554307297364,0.7178132245083492
35,3,2,0.673978474366,0.6951685876038814
100,9,1,0.944344470803,1.258793334828555
100,9,1,0.944344470803,1.1411127542429822
100,9,1,0.944344470803,0.9849240145635386
100,9,1,0.944344470803,0.7045473258673812
100,9,1,0.944344470803,0.8656900717928775
100,9,1,0.944344470803,1.442644822292264
100,9,1,0.944344470803,0.8134943191336124
100,9,1,0.944344470803,1.1195519680432189
100,9,1,0.944344470803,0.9595062954372997
100,9,1,0.944344470803,1.0041769026731218
100,9,1,0.944344470803,1.0424060299925457
100,9,1,0.944344470803,0.8876375922301638
100,9,1,0.944344470803,0.8393748868698299
100,9,1,0.944344470803,1.0947399389495875
100,9,1,0.944344470803,1.2444276206061264
100,9,1,0.944344470803,1.2143773708810213
100,9,1,0.944344470803,1.2669948742279697
100,9,1,0.944344470803,0.8852500632678626
100,9,1,0.944344470803,0.6809108291088473
100,9,1,0.944344470803,1.4357781155421099
100,9,1,0.944344470803,1.1629453200850968
100,9,1,0.944344470803,0.5991095261591686
100,9,1,0.944344470803,1.0121945275547033
100,9,1,0.944344470803,0.6185811956981477
100,9,1,0.944344470803,1.0944784937572245
100,9,1,0.944344470803,0.5197400023931176
100,9,1,0.944344470803,1.126982680101074
100,9,1,0.944344470803,1.0399511269030768
100,9,1,0.944344470803,0.6942623113676669
100,9,1,0.944344470803,0.7627835944937813
100,9,1,0.944344470803,0.9114705620741221
100,9,1,0.944344470803,1.000011717828267
100,9,1,0.944344470803,0.816841807892673
100,9,1,0.944344470803,1.3460148449116707
100,9,1,0.944344470803,0.9687082019621885
100,9,1,0.944344470803,1.1995796893611317
100,9,1,0.944344470803,0.8228594461529385
100,9,1,0.944344470803,1.0668103124093635
100,9,1,0.944344470803,0.7704009636470166
100,9,1,0.944344470803,1.0189932946661684
100,9,1,0.944344470803,1.0534182002372723
100,9,1,0.944344470803,0.7806758811245026
100,9,1,0.944344470803,0.9500224104757923
100,9,1,0.944344470803,1.298247011536593
100,9,1,0.944344470803,1.0537797480470101
100,9,1,0.944344470803,1.0994225553455446
100,9,1,0.944344470803,0.885632543111716
100,9,1,0.944344470803,1.208593211782178
100,9,1,0.944344470803,0.42685693118246615
100,9,1,0.944344470803,0.7241540590845335
100,9,1,0.944344470803,0.9310968530419739
100,9,1,0.944344470803,0.9942979985315722
100,9,1,0.944344470803,1.0575061048459382
100,9,1,0.944344470803,1.0143610749320464
100,9,1,0.944344470803,0.9617953066852646
100,9,1,0.944344470803,1.3974838012072286
100,9,1,0.944344470803,1.102830177934209
100,9,1,0.944344470803,0.7793688645993099
100,9,1,0.944344470803,1.1111453551693575
100,9,1,0.944344470803,0.9724839763642101
100,9,1,0.944344470803,1.2860543361950318
100,9,1,0.944344470803,0.9628305670184967
100,9,1,0.944344470803,1.624252094753444
100,9,1,0.944344470803,0.847695011285949
100,9,1,0.944344470803,0.9116539302418702
100,9,1,0.944344470803,1.2248856376867774
100,9,1,0.944344470803,0.7546243630866001
100,9,1,0.944344470803,0.8919388103291415
100,9,1,0.944344470803,1.080605584478266
100,9,1,0.944344470803,0.8244714084176495
100,9,1,0.944344470803,1.004265047975514
100,9,1,0.944344470803,0.9589886730903682
100,9,1,0.944344470803,0.8332444652776662
100,9,1,0.944344470803,0.9794051600468295
100,9,1,0.944344470803,0.7839205116553378
100,9,1,0.944344470803,1.0897815411155083
100,9,1,0.944344470803,0.9899468565362209
100,9,1,0.944344470803,0.8751573165550887
100,9,1,0.944344470803,1.0063627257041623
100,9,1,0.944344470803,1.0563945693592356
100,9,1,0.944344470803,0.8500835537963438
100,9,1,0.944344470803,1.0971801172397055
100,9,1,0.944344470803,0.7301907531921984
100,9,1,0.944344470803,0.9483496813748766
100,9,1,0.944344470803,0.9755770318541268
100,9,1,0.944344470803,0.9686819318760926
100,9,1,0.944344470803,0.8288857481581923
100,9,1,0.944344470803,0.8392758178105952
100,9,1,0.944344470803,0.748165013665952
100,9,1,0.944344470803,0.9464799385385021
100,9,1,0.944344470803,1.167035508903485
100,9,1,0.944344470803,0.9276724061465954
100,9,1,0.944344470803,0.9419343376001994
100,9,1,0.944344470803,0.9505202329785813
100,9,1,0.944344470803,0.7579524372482667
100,9,1,0.944344470803,0.8999821040314233
100,9,1,0.944344470803,1.1056099250294604
100,9,1,0.944344470803,1.1313538955211278
100,9,1,0.944344470803,0.8503970920925317
100,9,1,0.944344470803,1.0903706064117624
100,9,1,0.944344470803,0.9684964223022182
100,9,1,0.944344470803,0.9500433979539425
100,9,1,0.944344470803,1.073381911302052
100,9,1,0.944344470803,1.211928398208973
100,9,1,0.944344470803,0.6125642168988448
100,9,1,0.944344470803,1.065078764244982
100,9,1,0.944344470803,0.8472850515959021
100,9,1,0.944344470803,0.8189246635673122
100,9,1,0.944344470803,0.8321494762974472
100,9,1,0.944344470803,1.087284043433137
100,9,1,0.944344470803,0.9412518701993179
100,9,1,0.944344470803,0.8249845985175592
100,9,1,0.944344470803,0.9286027368082839
100,9,1,0.944344470803,0.7087093582186015
100,9,1,0.944344470803,0.9374671791563121
100,9,1,0.944344470803,1.2764408357164454
100,9,1,0.944344470803,0.8946311217793533
100,9,1,0.944344470803,0.9441343804883087
100,9,1,0.944344470803,0.7580168246575808
100,9,1,0.944344470803,0.8584598044862823
100,9,1,0.944344470803,0.9861136329672743
100,9,1,0.944344470803,0.9308267356414013
100,9,1,0.944344470803,0.7977159034036966
100,9,1,0.944344470803,0.8887354570094869
17,1,6,0.181732316421,0.23704857568478055
100,9,1,0.944344470803,0.815460697997014
100,9,1,0.944344470803,0.5604046176158901
100,9,1,0.944344470803,0.9336440543726311
100,9,1,0.944344470803,0.8535329763140935
100,9,1,0.944344470803,0.8110194789777302
58,5,3,0.313900538877,0.5870458210864761
68,6,2,0.307646778276,0.33273549412270026
100,9,1,0.944344470803,0.921151027863642
100,9,1,0.944344470803,0.8079714048567751
100,9,1,0.944344470803,0.8205557806604727
100,9,1,0.944344470803,1.0632016137972131
100,9,1,0.944344470803,0.8006772084655658
100,9,1,0.944344470803,0.8521638674603216
100,9,1,0.944344470803,0.791163296881946
46,4,2,0.554307297364,0.7751911608379103
35,3,2,0.673978474366,0.9066882785620078
35,3,2,0.673978474366,0.5915306996683319
100,9,1,0.944344470803,1.0542011799751279
100,9,1,0.944344470803,1.0586017305055
100,9,1,0.944344470803,1.0236131622772815
100,9,1,0.944344470803,0.924485500092955
100,9,1,0.944344470803,0.683991365479056
100,9,1,0.944344470803,1.2769310842047061
100,9,1,0.944344470803,0.6829110847953646
100,9,1,0.944344470803,0.7334725820799941
89,8,1,0.623024355598,0.7229190278138775
100,9,1,0.944344470803,0.7839050030901465
100,9,1,0.944344470803,1.0785364624121594
100,9,1,0.944344470803,0.5945832760980647
100,9,1,0.944344470803,1.3340861915871853
100,9,1,0.944344470803,1.0331213507762225
100,9,1,0.944344470803,0.7995729483827339
100,9,1,0.944344470803,1.033039388313051
100,9,1,0.944344470803,1.152703526643578
100,9,1,0.944344470803,1.302138409289696
100,9,1,0.944344470803,1.0242840098798436
100,9,1,0.944344470803,1.1981128797253942
100,9,1,0.944344470803,0.8885177986272847
100,9,1,0.944344470803,0.9419893318714997
100,9,1,0.944344470803,0.9614558270800141
100,9,1,0.944344470803,1.2137416542412525
100,9,1,0.944344470803,1.1782521510751471
100,9,1,0.944344470803,1.0842154548872331
100,9,1,0.944344470803,0.9969503773837894
100,9,1,0.944344470803,1.0530225837318534
100,9,1,0.944344470803,0.962721711175606
100,9,1,0.944344470803,0.9780722057087973
100,9,1,0.944344470803,0.8775258751442513
100,9,1,0.944344470803,1.0620413121500485
100,9,1,0.944344470803,0.9812691273510152
100,9,1,0.944344470803,1.1714532569183287
100,9,1,0.944344470803,1.2229138880164885
100,9,1,0.944344470803,0.6334089963357619
100,9,1,0.944344470803,0.9589894445423723
100,9,1,0.944344470803,0.810987905612284
100,9,1,0.944344470803,0.5516481141851088
100,9,1,0.944344470803,0.5656899630643679
100,9,1,0.944344470803,0.8612247848059141
100,9,1,0.944344470803,0.7780241263986342
100,9,1,0.944344470803,0.8340264774305108
100,9,1,0.944344470803,1.286805898091127
100,9,1,0.944344470803,1.0815647046583123
100,9,1,0.944344470803,0.730817883394678
100,9,1,0.944344470803,1.0593140901775406
100,9,1,0.944344470803,0.9272336218275861
100,9,1,0.944344470803,0.7309460257766809
100,9,1,0.944344470803,0.8890661644618425
100,9,1,0.944344470803,0.9452158248511979
100,9,1,0.944344470803,0.793009907138014
100,9,1,0.944344470803,0.735292764853229
100,9,1,0.944344470803,0.8671208720224237
100,9,1,0.944344470803,0.8216986338358659
46,4,2,0.554307297364,0.5708427760635234
100,9,1,0.944344470803,1.0124950302033529
100,9,1,0.944344470803,0.6273306408988943
100,9,1,0.944344470803,0.5191300934394648
34,3,1,0.665324566273,0.5420492444089927
100,9,1,0.944344470803,1.2855919775733444
100,9,1,0.944344470803,1.0249871861379125
100,9,1,0.944344470803,0.7602977087572204
100,9,1,0.944344470803,1.4140139710509103
100,9,1,0.944344470803,1.1941498325905966
100,9,1,0.944344470803,1.2763574747090034
100,9,1,0.944344470803,0.5549601657813821
100,9,1,0.944344470803,0.8730287427061962
100,9,1,0.944344470803,0.9268198166617577
100,9,1,0.944344470803,0.9551142487609431
100,9,1,0.944344470803,0.8424359988362029
100,9,1,0.944344470803,0.5990016552265061
100,9,1,0.944344470803,0.9503924603852043
100,9,1,0.944344470803,0.6876014358601794
100,9,1,0.944344470803,1.3218298579309467
100,9,1,0.944344470803,0.9460632501216186
100,9,1,0.944344470803,0.6088396793843198
100,9,1,0.944344470803,1.0166595081999952
100,9,1,0.944344470803,1.1730819269724304
100,9,1,0.944344470803,0.8839498346821757
100,9,1,0.944344470803,0.9119369413075722
100,9,1,0.944344470803,1.0002963628160115
100,9,1,0.944344470803,0.6966587296711518
100,9,1,0.944344470803,0.8641964643927647
100,9,1,0.944344470803,0.7953648677944464
100,9,1,0.944344470803,1.1357617175845311
100,9,1,0.944344470803,1.025362979381551
100,9,1,0.944344470803,1.4764211852677966
100,9,1,0.944344470803,0.6382522711933112
100,9,1,0.944344470803,0.9187878677753856
100,9,1,0.944344470803,1.023312864267073
100,9,1,0.944344470803,0.7770365843481521
100,9,1,0.944344470803,1.1017709671534546
100,9,1,0.944344470803,0.8355519130330729
100,9,1,0.944344470803,0.8087727979143184
100,9,1,0.944344470803,0.8880647222846526
100,9,1,0.944344470803,0.9382743897245873
100,9,1,0.944344470803,1.1468702324526048
100,9,1,0.944344470803,1.2440662188482616
100,9,1,0.944344470803,0.6612929494875079
100,9,1,0.944344470803,0.9744851373035818
100,9,1,0.944344470803,0.8872293431390161
100,9,1,0.944344470803,0.92516528350329
100,9,1,0.944344470803,1.2131654970420644
100,9,1,0.944344470803,0.8494258352056311
100,9,1,0.944344470803,1.015470105177159
100,9,1,0.944344470803,0.3637675228881262
100,9,1,0.944344470803,1.1156375652228965
100,9,1,0.944344470803,1.0198112483556916
100,9,1,0.944344470803,1.3890338325276574
100,9,1,0.944344470803,0.9384022764392528
100,9,1,0.944344470803,0.8745035175906692
100,9,1,0.944344470803,0.6117381775762145
100,9,1,0.944344470803,0.8483153906881389
100,9,1,0.944344470803,0.9009885833812346
100,9,1,0.944344470803,0.899850131509745
100,9,1,0.944344470803,1.0070735036735774
100,9,1,0.944344470803,1.0705142052256462
100,9,1,0.944344470803,0.8930216972959114
100,9,1,0.944344470803,0.8948267989484264
100,9,1,0.944344470803,0.8128889367062306
100,9,1,0.944344470803,0.6962298516928589
36,3,3,0.58875192249,0.6751792872779053
69,6,3,0.177045942296,-0.11451987766680902
100,9,1,0.944344470803,1.0645217052146598
100,9,1,0.944344470803,0.7098390209497333
100,9,1,0.944344470803,0.7668115003385587
89,8,1,0.623024355598,0.630595643450654
100,9,1,0.944344470803,0.748159349666052
35,3,2,0.673978474366,0.4775776767378218
100,9,1,0.944344470803,0.9312120158536793
100,9,1,0.944344470803,1.0697976391139243
100,9,1,0.944344470803,0.907326719572766
100,9,1,0.944344470803,1.0994048086698236
100,9,1,0.944344470803,1.1353749209737798
100,9,1,0.944344470803,0.8637554496604896
100,9,1,0.944344470803,0.6592981148581436
100,9,1,0.944344470803,0.9233288800191326
100,9,1,0.944344470803,1.23397534509721
100,9,1,0.944344470803,1.1728632870718896
100,9,1,0.944344470803,0.6582126935813932
100,9,1,0.944344470803,0.8621213089837478
100,9,1,0.944344470803,1.019137436376678
100,9,1,0.944344470803,0.8196184793010333
100,9,1,0.944344470803,1.2674884804121316
100,9,1,0.944344470803,1.0672515094947952
100,9,1,0.944344470803,0.968864218199667
100,9,1,0.944344470803,0.9201784059645813
100,9,1,0.944344470803,1.0017781567610582
100,9,1,0.944344470803,0.8957055003737632
100,9,1,0.944344470803,1.0325231291897463
100,9,1,0.944344470803,0.9431696388680137
100,9,1,0.944344470803,0.6724853452067108
100,9,1,0.944344470803,0.8534181005559776
100,9,1,0.944344470803,0.809893637402323
100,9,1,0.944344470803,1.091510407695844
100,9,1,0.944344470803,0.43917356458389023
100,9,1,0.944344470803,0.7950681177088629
100,9,1,0.944344470803,0.9040215742964666
100,9,1,0.944344470803,1.2802008605487782
100,9,1,0.944344470803,1.3166910828807579
100,9,1,0.944344470803,0.9966332076938389
100,9,1,0.944344470803,0.790749608780907
100,9,1,0.944344470803,0.8374273246789248
100,9,1,0.944344470803,0.7908311585484751
100,9,1,0.944344470803,0.7402590643604808
100,9,1,0.944344470803,1.2358474996732358
100,9,1,0.944344470803,0.793705217009741
100,9,1,0.944344470803,0.705443483949375
100,9,1,0.944344470803,0.9683778316375643
100,9,1,0.944344470803,0.9380813828902533
100,9,1,0.944344470803,0.7567854573118287
100,9,1,0.944344470803,0.8943732678264447
100,9,1,0.944344470803,0.6040136430314929
100,9,1,0.944344470803,0.5840679759756937
19,1,8,0.138361297511,0.1676546627525075
100,9,1,0.944344470803,1.1634198649742447
100,9,1,0.944344470803,0.9377716649061503
100,9,1,0.944344470803,0.6840304579870328
100,9,1,0.944344470803,0.7859854205765444
24,2,2,0.696737430661,0.6389279586883865
100,9,1,0.944344470803,0.9996607609990217
100,9,1,0.944344470803,0.7999150945187872
100,9,1,0.944344470803,1.0487949902116405
100,9,1,0.944344470803,0.8766959129141992
100,9,1,0.944344470803,1.000836284006118
100,9,1,0.944344470803,1.1716370071922861
100,9,1,0.944344470803,1.2142011444494454
100,9,1,0.944344470803,1.1854625785411141
100,9,1,0.944344470803,0.7900680712532797
100,9,1,0.944344470803,0.9775175676744652
100,9,1,0.944344470803,0.8406665885774856
100,9,1,0.944344470803,1.0771830346492384
100,9,1,0.944344470803,0.8459458057604354
100,9,1,0.944344470803,0.9200365211347085
100,9,1,0.944344470803,0.6517920293910624
100,9,1,0.944344470803,1.1935838811086001
100,9,1,0.944344470803,0.7563301844711443
100,9,1,0.944344470803,1.1546526410735092
100,9,1,0.944344470803,1.1290533682011479
100,9,1,0.944344470803,1.1640491554331587
100,9,1,0.944344470803,1.2456746146454072
100,9,1,0.944344470803,0.9518906389107318
100,9,1,0.944344470803,1.3394145064103344
100,9,1,0.944344470803,0.8910757143360599
100,9,1,0.944344470803,0.791503650727901
100,9,1,0.944344470803,0.7794658797894952
100,9,1,0.944344470803,0.7326520293360124
100,9,1,0.944344470803,0.8688257045187804
100,9,1,0.944344470803,1.05317832461705
100,9,1,0.944344470803,1.0855951638427113
100,9,1,0.944344470803,0.8705954049987763
100,9,1,0.944344470803,1.243195033876735
100,9,1,0.944344470803,1.001606246388361
100,9,1,0.944344470803,0.9504910386457455
100,9,1,0.944344470803,0.9994516738460177
100,9,1,0.944344470803,0.7076666950138616
100,9,1,0.944344470803,1.2515476638990217
100,9,1,0.944344470803,1.1598416141183303
100,9,1,0.944344470803,0.867038227637206
100,9,1,0.944344470803,0.9991854353415729
100,9,1,0.944344470803,0.8528057737320107
100,9,1,0.944344470803,1.1461383526674112
100,9,1,0.944344470803,0.8688168498529116
100,9,1,0.944344470803,0.9791176939044313
100,9,1,0.944344470803,0.808703686163154
100,9,1,0.944344470803,1.1078755654674666
100,9,1,0.944344470803,0.6971180182299235
100,9,1,0.944344470803,1.006330606862422
100,9,1,0.944344470803,1.078305223719693
100,9,1,0.944344470803,1.258661973589896
100,9,1,0.944344470803,1.0202723685849744
100,9,1,0.944344470803,1.264368090611594
100,9,1,0.944344470803,0.7716403934621816
100,9,1,0.944344470803,1.2297838725752863
100,9,1,0.944344470803,0.9820880953343156
100,9,1,0.944344470803,0.9167526886217663
100,9,1,0.944344470803,0.963053073892764
100,9,1,0.944344470803,1.0461950025502225
100,9,1,0.944344470803,1.013656246401815
100,9,1,0.944344470803,0.7269717618645183
100,9,1,0.944344470803,0.7446988705006251
100,9,1,0.944344470803,0.8947207499655287
100,9,1,0.944344470803,0.9980823925318446
100,9,1,0.944344470803,0.9473607702136653
100,9,1,0.944344470803,0.7329709827601455
100,9,1,0.944344470803,1.254982185408894
100,9,1,0.944344470803,0.7847142910382047
100,9,1,0.944344470803,1.110860378089998
100,9,1,0.944344470803,0.8579655482584105
100,9,1,0.944344470803,1.0584581773272237
100,9,1,0.944344470803,0.8351255975614418
100,9,1,0.944344470803,1.0914293543260798
100,9,1,0.944344470803,0.7486420064947641
100,9,1,0.944344470803,0.9757002489865996
100,9,1,0.944344470803,1.1652713840409805
100,9,1,0.944344470803,0.8867639404362128
100,9,1,0.944344470803,0.6555477964394036
100,9,1,0.944344470803,1.113326525798406
100,9,1,0.944344470803,1.157045703294533
100,9,1,0.944344470803,0.936300959331026
100,9,1,0.944344470803,0.8324971818901656
100,9,1,0.944344470803,0.967924685891237
100,9,1,0.944344470803,0.7746678554203574
100,9,1,0.944344470803,0.9018771682039557
100,9,1,0.944344470803,0.9477972010109442
100,9,1,0.944344470803,0.9603520630964016
100,9,1,0.944344470803,1.3211351919781371
100,9,1,0.944344470803,0.9069670786695562
100,9,1,0.944344470803,1.156500915005969
100,9,1,0.944344470803,0.8577194515702479
100,9,1,0.944344470803,0.4743957767589335
100,9,1,0.944344470803,1.304710457411568
100,9,1,0.944344470803,0.7213746063510181
100,9,1,0.944344470803,0.781588687682409
100,9,1,0.944344470803,0.656380222007231
100,9,1,0.944344470803,1.1520752103168943
100,9,1,0.944344470803,1.0819975077729242
100,9,1,0.944344470803,0.8924735829330543
100,9,1,0.944344470803,0.9738138064385973
100,9,1,0.944344470803,1.289019515849069
100,9,1,0.944344470803,1.034456514496496
100,9,1,0.944344470803,0.8306328663759179
100,9,1,0.944344470803,0.4248773335806537
100,9,1,0.944344470803,1.2478363684286307
100,9,1,0.944344470803,1.2558963223988644
100,9,1,0.944344470803,1.382219565963922
100,9,1,0.944344470803,1.2644786425952708
100,9,1,0.944344470803,0.9494225463480311
100,9,1,0.944344470803,1.0076214249706799
100,9,1,0.944344470803,1.133765131243869
100,9,1,0.944344470803,0.6232089297522241
100,9,1,0.944344470803,0.8841883282524178
100,9,1,0.944344470803,1.203617116067795
100,9,1,0.944344470803,0.7684462618074096
100,9,1,0.944344470803,0.8714762393391541
100,9,1,0.944344470803,0.6602209878842706
100,9,1,0.944344470803,1.1793356732718443
100,9,1,0.944344470803,0.9182208592431451
100,9,1,0.944344470803,0.7107189322598109
100,9,1,0.944344470803,0.8084210026530166
100,9,1,0.944344470803,0.819113850516848
100,9,1,0.944344470803,0.7306801543612742
100,9,1,0.944344470803,0.6149551344103785
100,9,1,0.944344470803,1.0351546429460248
100,9,1,0.944344470803,1.0212999305503434
100,9,1,0.944344470803,1.075143516268401
100,9,1,0.944344470803,1.1294666357521663
100,9,1,0.944344470803,0.7229953185875218
100,9,1,0.944344470803,0.8087180003729963
100,9,1,0.944344470803,1.0969476434794787
100,9,1,0.944344470803,1.2055776737299186
100,9,1,0.944344470803,1.0869540660164252
100,9,1,0.944344470803,0.7498471433208035
100,9,1,0.944344470803,0.6118578431497855
100,9,1,0.944344470803,1.2368475501680107
100,9,1,0.944344470803,0.665229279210125
100,9,1,0.944344470803,0.8414255997020351
100,9,1,0.944344470803,0.9151000754052335
100,9,1,0.944344470803,1.000072612230958
100,9,1,0.944344470803,0.9846216003300969
100,9,1,0.944344470803,0.9044096086777755
100,9,1,0.944344470803,1.0497690296256175
100,9,1,0.944344470803,0.8854636470207814
100,9,1,0.944344470803,0.9949735878182866
100,9,1,0.944344470803,0.9076420355988897
100,9,1,0.944344470803,0.7131208951679984
100,9,1,0.944344470803,0.714304403610283
100,9,1,0.944344470803,0.679940042165657
100,9,1,0.944344470803,1.1630608281786852
100,9,1,0.944344470803,0.8961022903608113
100,9,1,0.944344470803,1.121575159667108
100,9,1,0.944344470803,1.1025920936748823
100,9,1,0.944344470803,1.0310723160898294
100,9,1,0.944344470803,0.8325850886828845
100,9,1,0.944344470803,0.7707220140076816
100,9,1,0.944344470803,0.9011189255763419
100,9,1,0.944344470803,0.7827396934876553
100,9,1,0.944344470803,0.7950656914298869
100,9,1,0.944344470803,0.8006474249657453
100,9,1,0.944344470803,0.79314820940284
100,9,1,0.944344470803,0.8828074154534602
100,9,1,0.944344470803,0.9367073261925415
100,9,1,0.944344470803,1.1178170335405029
100,9,1,0.944344470803,0.7676337029150836
100,9,1,0.944344470803,0.9139693407547859
100,9,1,0.944344470803,1.0746655764500521
100,9,1,0.944344470803,1.066655740743175
100,9,1,0.944344470803,1.1899197118701632
100,9,1,0.944344470803,1.0453708111756597
100,9,1,0.944344470803,0.8453734128921719
100,9,1,0.944344470803,0.9165961815384378
100,9,1,0.944344470803,1.0686082003693669
100,9,1,0.944344470803,0.5890843753944419
100,9,1,0.944344470803,0.8423973574185797
100,9,1,0.944344470803,0.8141291138063307
100,9,1,0.944344470803,1.3688416782040942
100,9,1,0.944344470803,0.7671592266649842
100,9,1,0.944344470803,1.0547161108289074
100,9,1,0.944344470803,1.010476414903474
100,9,1,0.944344470803,0.9622335952652742
100,9,1,0.944344470803,0.8003138714696695
100,9,1,0.944344470803,0.983629567549577
100,9,1,0.944344470803,0.7826573091221997
100,9,1,0.944344470803,0.9768595634941505
100,9,1,0.944344470803,0.9125714920706116
100,9,1,0.944344470803,1.2023247281043226
100,9,1,0.944344470803,0.8092439036234029
100,9,1,0.944344470803,0.9064790671548884
100,9,1,0.944344470803,0.6267709118779841
100,9,1,0.944344470803,0.8742209041793613
100,9,1,0.944344470803,1.0481975323086616
100,9,1,0.944344470803,0.6619828156185774
100,9,1,0.944344470803,0.8524262047777782
100,9,1,0.944344470803,1.1024332435681239
100,9,1,0.944344470803,1.0599466511525235
100,9,1,0.944344470803,0.9250836291109157
100,9,1,0.944344470803,1.0051413512582068
100,9,1,0.944344470803,1.0101623602188887
100,9,1,0.944344470803,0.9105387223539062
100,9,1,0.944344470803,0.9928716768240673
100,9,1,0.944344470803,0.8485517428283138
100,9,1,0.944344470803,1.025112789566659
100,9,1,0.944344470803,1.0796667111354625
100,9,1,0.944344470803,0.8915957386558971
100,9,1,0.944344470803,1.2504299200536155
100,9,1,0.944344470803,1.1555190070758345
100,9,1,0.944344470803,1.2344041037084743
100,9,1,0.944344470803,1.1073596708583464
100,9,1,0.944344470803,1.0477324900687812
100,9,1,0.944344470803,0.5332583148504131
100,9,1,0.944344470803,0.4773889940938501
100,9,1,0.944344470803,0.8838739747008477
100,9,1,0.944344470803,0.7743547192719213
100,9,1,0.944344470803,0.736609588738071
100,9,1,0.944344470803,1.1428562024556572
100,9,1,0.944344470803,1.0492391512954684
100,9,1,0.944344470803,0.63593951357766
100,9,1,0.944344470803,0.8302880098058754
12,1,1,0.526120593384,0.5671048364124424
100,9,1,0.944344470803,0.9619915720303354
100,9,1,0.944344470803,1.1696776400027251
100,9,1,0.944344470803,1.052049533453234
100,9,1,0.944344470803,0.8141141907795392
100,9,1,0.944344470803,0.6856763788259683
100,9,1,0.944344470803,0.7497369416143527
100,9,1,0.944344470803,0.8735523587221605
100,9,1,0.944344470803,1.1984039445079642
100,9,1,0.944344470803,0.5591732819672328
100,9,1,0.944344470803,0.5074883058629418
100,9,1,0.944344470803,0.7682566491436478
100,9,1,0.944344470803,1.0319422373125657
100,9,1,0.944344470803,0.7870835639869267
47,4,3,0.472963918647,0.7418522796059701
48,4,4,0.301180877301,0.20904961624728774
100,9,1,0.944344470803,0.5486676361798557
100,9,1,0.944344470803,1.1884129732928654
100,9,1,0.944344470803,0.9753318761048416
100,9,1,0.944344470803,1.069618520727729
100,9,1,0.944344470803,1.3690378466007123
100,9,1,0.944344470803,0.863642654071131
100,9,1,0.944344470803,1.298830446963907
100,9,1,0.944344470803,1.2021319999034807
100,9,1,0.944344470803,0.7010456862460576
100,9,1,0.944344470803,0.7512107253969881
100,9,1,0.944344470803,0.9129574194505581
100,9,1,0.944344470803,0.8689305120154975
100,9,1,0.944344470803,1.0544838518556157
100,9,1,0.944344470803,1.0598326645666851
100,9,1,0.944344470803,0.9723539808871404
100,9,1,0.944344470803,0.9905335794687326
100,9,1,0.944344470803,0.689523769032844
100,9,1,0.944344470803,1.1880485511839387
100,9,1,0.944344470803,0.9630690634171257
100,9,1,0.944344470803,0.9233930371692192
100,9,1,0.944344470803,1.1316289117744311
100,9,1,0.944344470803,0.8662115241128728
100,9,1,0.944344470803,1.1676357482013784
100,9,1,0.944344470803,0.869024155605552
100,9,1,0.944344470803,0.8646319195376391
100,9,1,0.944344470803,0.940680792049475
100,9,1,0.944344470803,0.7181643072411842
100,9,1,0.944344470803,0.8010063055092213
100,9,1,0.944344470803,1.058862857550583
100,9,1,0.944344470803,0.6884502276126792
100,9,1,0.944344470803,0.9885669300879498
100,9,1,0.944344470803,0.9355949977271814
100,9,1,0.944344470803,0.6421760563730694
100,9,1,0.944344470803,0.8759884205672317
100,9,1,0.944344470803,1.0974967358124808
100,9,1,0.944344470803,0.7814078960335863
100,9,1,0.944344470803,0.8942421366226763
100,9,1,0.944344470803,0.7062838330728288
100,9,1,0.944344470803,0.5524700400384057
100,9,1,0.944344470803,0.6507738494361504
100,9,1,0.944344470803,0.9721174285735451
100,9,1,0.944344470803,1.1065783924926735
100,9,1,0.944344470803,1.081030734013355
100,9,1,0.944344470803,0.8475952656672845
100,9,1,0.944344470803,1.035856220041731
100,9,1,0.944344470803,1.0890119534236575
100,9,1,0.944344470803,1.0647483074318524
100,9,1,0.944344470803,1.3596394372547032
100,9,1,0.944344470803,1.0442005912040768
100,9,1,0.944344470803,0.7731915013667559
100,9,1,0.944344470803,0.9774595415097163
100,9,1,0.944344470803,0.7514825272802048
100,9,1,0.944344470803,1.138757206519302
100,9,1,0.944344470803,0.9191682286138662
100,9,1,0.944344470803,0.6366816625867155
100,9,1,0.944344470803,0.8158635831409554
100,9,1,0.944344470803,0.9236872864901199
100,9,1,0.944344470803,1.3015124476557172
100,9,1,0.944344470803,0.7849225080573774
100,9,1,0.944344470803,0.8583035988162792
100,9,1,0.944344470803,0.9593738920394512
100,9,1,0.944344470803,0.7058712705675033
100,9,1,0.944344470803,0.6112215089779183
45,4,1,0.54469031678,0.6328179244411615
100,9,1,0.944344470803,0.8929957994876186
100,9,1,0.944344470803,1.1982940376216744
100,9,1,0.944344470803,0.6095597090862696
89,8,1,0.623024355598,0.7398654101175719
100,9,1,0.944344470803,0.7311020165860634
23,2,1,0.644149679339,0.4217311645952484
100,9,1,0.944344470803,0.871505741732408
100,9,1,0.944344470803,1.0074903253448095
100,9,1,0.944344470803,1.0937141551156058
100,9,1,0.944344470803,1.124697385526082
100,9,1,0.944344470803,1.0241363683856843
100,9,1,0.944344470803,0.9956649962858343
100,9,1,0.944344470803,0.8354351179968753
100,9,1,0.944344470803,1.1804059660660333
100,9,1,0.944344470803,0.9004776287494305
100,9,1,0.944344470803,1.2855655763735856
100,9,1,0.944344470803,0.7316363432151595
100,9,1,0.944344470803,0.7159142414836157
100,9,1,0.944344470803,1.0634622982286472
100,9,1,0.944344470803,0.7217687789005575
100,9,1,0.944344470803,0.7843272322782422
100,9,1,0.944344470803,0.45059626016786986
100,9,1,0.944344470803,1.13182661827883
100,9,1,0.944344470803,0.9009665593417716
100,9,1,0.944344470803,1.0780297316452478
100,9,1,0.944344470803,0.9301646099387236
100,9,1,0.944344470803,1.0051675938654714
100,9,1,0.944344470803,0.5626681965503101
100,9,1,0.944344470803,1.09510167927658
100,9,1,0.944344470803,1.1282714408686427
100,9,1,0.944344470803,1.1807122070145184
100,9,1,0.944344470803,0.550068726543376
100,9,1,0.944344470803,0.9298121223762029
100,9,1,0.944344470803,1.1796129517365608
100,9,1,0.944344470803,0.8315064506735157
100,9,1,0.944344470803,0.8621900904178433
100,9,1,0.944344470803,0.9660449961244738
100,9,1,0.944344470803,1.1594477506904453
100,9,1,0.944344470803,0.9130396905064408
100,9,1,0.944344470803,0.7917061349996759
100,9,1,0.944344470803,1.0545328391015112
100,9,1,0.944344470803,0.7682652049662153
100,9,1,0.944344470803,0.9806921647514845
100,9,1,0.944344470803,0.5940133668174765
100,9,1,0.944344470803,0.9316897560424782
100,9,1,0.944344470803,0.9176031387336012
100,9,1,0.944344470803,0.7024042571846226
101,9,2,0.571499092965,0.6877770803900415
100,9,1,0.944344470803,0.8193593876397888
100,9,1,0.944344470803,0.9340648497496514
100,9,1,0.944344470803,0.9444275782005923
100,9,1,0.944344470803,1.0676299904945319
100,9,1,0.944344470803,0.9605492397166666
100,9,1,0.944344470803,1.4433916788754086
100,9,1,0.944344470803,1.0992678202038044
100,9,1,0.944344470803,0.6545750140960082
100,9,1,0.944344470803,0.730165648200066
100,9,1,0.944344470803,0.8139460566289504
100,9,1,0.944344470803,1.1275957043224083
100,9,1,0.944344470803,1.4128013208300052
100,9,1,0.944344470803,0.7402097379895487
100,9,1,0.944344470803,0.7673557742017443
100,9,1,0.944344470803,0.9160366028582303
100,9,1,0.944344470803,0.9610196756020352
100,9,1,0.944344470803,1.2810394802535636
100,9,1,0.944344470803,0.7260187722763151
100,9,1,0.944344470803,1.150073586899146
100,9,1,0.944344470803,1.0238411229235014
100,9,1,0.944344470803,0.9058767993538228
100,9,1,0.944344470803,1.0758797173861778
100,9,1,0.944344470803,1.1916137553774284
100,9,1,0.944344470803,0.8955842544760136
100,9,1,0.944344470803,1.0377523707194074
100,9,1,0.944344470803,0.9225053996106135
100,9,1,0.944344470803,0.8179128102620021
100,9,1,0.944344470803,0.8603569497395469
100,9,1,0.944344470803,0.9414708977575867
100,9,1,0.944344470803,0.6350678347891046
100,9,1,0.944344470803,0.7463765778432874
100,9,1,0.944344470803,1.1478655120847816
100,9,1,0.944344470803,1.039521057256519
100,9,1,0.944344470803,1.180022788187126
100,9,1,0.944344470803,1.1460365788281603
100,9,1,0.944344470803,0.881437500705589
100,9,1,0.944344470803,1.2661587955621338
100,9,1,0.944344470803,0.5520093451735795
100,9,1,0.944344470803,0.9770343718729249
100,9,1,0.944344470803,1.3350309628763424
100,9,1,0.944344470803,0.7554193834650286
100,9,1,0.944344470803,1.0669049846121246
100,9,1,0.944344470803,0.797371714724813
100,9,1,0.944344470803,0.8515428088892498
100,9,1,0.944344470803,1.0364232213599724
100,9,1,0.944344470803,0.8139124896763699
100,9,1,0.944344470803,0.8198351149747067
100,9,1,0.944344470803,0.9450961372326315
100,9,1,0.944344470803,1.2027544192540476
100,9,1,0.944344470803,0.9983307839967303
100,9,1,0.944344470803,0.9659207221539102
100,9,1,0.944344470803,0.9936521555401344
100,9,1,0.944344470803,1.1395320485183003
100,9,1,0.944344470803,1.110392023895673
100,9,1,0.944344470803,0.6897166385891843
100,9,1,0.944344470803,0.9331859012190249
100,9,1,0.944344470803,0.4387664509463488
100,9,1,0.944344470803,0.8691327062087758
100,9,1,0.944344470803,0.8761112752138523
100,9,1,0.944344470803,0.9498966366488983
100,9,1,0.944344470803,1.0667228363607761
100,9,1,0.944344470803,0.9109228675641454
100,9,1,0.944344470803,1.2998842408985163
100,9,1,0.944344470803,1.2481224007682041
100,9,1,0.944344470803,1.292813197428164
100,9,1,0.944344470803,0.9350990823318931
100,9,1,0.944344470803,0.9374548412310868
100,9,1,0.944344470803,0.8751254417544707
100,9,1,0.944344470803,1.0995017828896763
100,9,1,0.944344470803,0.8460939070113784
100,9,1,0.944344470803,0.8846610743152232
100,9,1,0.944344470803,0.858686262199182
100,9,1,0.944344470803,0.5725473431606993
100,9,1,0.944344470803,0.982304042725455
100,9,1,0.944344470803,0.9600936798933182
100,9,1,0.944344470803,0.8862944259996296
100,9,1,0.944344470803,0.9323891233183548
100,9,1,0.944344470803,1.0957871528534817
100,9,1,0.944344470803,0.8135590477402396
100,9,1,0.944344470803,0.45502337508196355
100,9,1,0.944344470803,0.7662355730168339
36,3,3,0.58875192249,0.880091947308298
36,3,3,0.58875192249,0.6842262727029003
36,3,3,0.58875192249,0.5152083319529766
100,9,1,0.944344470803,1.129017871611983
100,9,1,0.944344470803,1.086505471149363
100,9,1,0.944344470803,0.9713847385493265
100,9,1,0.944344470803,0.5215707723585543
100,9,1,0.944344470803,0.8992887243991994
100,9,1,0.944344470803,0.8641798798468818
100,9,1,0.944344470803,0.6899566676409772
47,4,3,0.472963918647,0.14112835687152325
100,9,1,0.944344470803,1.2386520202160023
100,9,1,0.944344470803,0.6770571537575438
100,9,1,0.944344470803,0.726302099062665
100,9,1,0.944344470803,0.6067606511041684
100,9,1,0.944344470803,0.7453702091262628
100,9,1,0.944344470803,0.801809915969186
100,9,1,0.944344470803,0.920397483199843
100,9,1,0.944344470803,1.2181690262811387
100,9,1,0.944344470803,0.8228637786055647
100,9,1,0.944344470803,1.2464953188256966
100,9,1,0.944344470803,1.0280396224057613
100,9,1,0.944344470803,0.8319311517888334
100,9,1,0.944344470803,0.7344358439883092
100,9,1,0.944344470803,0.9145267878273198
100,9,1,0.944344470803,0.8533165735871132
100,9,1,0.944344470803,0.8999574767611793
35,3,2,0.673978474366,0.7448364379154742
100,9,1,0.944344470803,1.0263891170631003
100,9,1,0.944344470803,0.8084158675640252
100,9,1,0.944344470803,1.235984358379264
100,9,1,0.944344470803,0.9151346518863241
100,9,1,0.944344470803,1.2486853992340907
100,9,1,0.944344470803,0.8220797112735055
100,9,1,0.944344470803,0.7755543828196612
100,9,1,0.944344470803,0.4535008159577384
100,9,1,0.944344470803,1.4875334660222577
100,9,1,0.944344470803,0.5441259494049802
100,9,1,0.944344470803,1.114217065652705
100,9,1,0.944344470803,1.161062452204135
100,9,1,0.944344470803,0.9472391380282222
100,9,1,0.944344470803,1.0411946285908795
100,9,1,0.944344470803,0.8778649017518655
100,9,1,0.944344470803,0.8633819880684904
100,9,1,0.944344470803,1.023755910625515
100,9,1,0.944344470803,0.6919300357377663
100,9,1,0.944344470803,1.0244266664659756
100,9,1,0.944344470803,0.6235025401547067
100,9,1,0.944344470803,0.5515355950283178
100,9,1,0.944344470803,1.02758499309289
100,9,1,0.944344470803,0.9298095423177781
100,9,1,0.944344470803,0.9835040562600198
100,9,1,0.944344470803,1.0078176772496128
100,9,1,0.944344470803,0.8604486587475147
100,9,1,0.944344470803,0.805063274257093
100,9,1,0.944344470803,1.1779216040995988
100,9,1,0.944344470803,0.855838974038398
100,9,1,0.944344470803,0.7804567557379669
100,9,1,0.944344470803,0.93019704099586
100,9,1,0.944344470803,0.8726675272307524
100,9,1,0.944344470803,1.1129445073697872
100,9,1,0.944344470803,0.801368266739154
100,9,1,0.944344470803,0.9305183817674082
100,9,1,0.944344470803,0.9315082393610091
100,9,1,0.944344470803,0.9551577576919583
100,9,1,0.944344470803,1.1645295820903239
100,9,1,0.944344470803,0.6721243351432237
100,9,1,0.944344470803,0.7646457561121999
100,9,1,0.944344470803,1.1648061462868537
100,9,1,0.944344470803,0.9885955604961897
100,9,1,0.944344470803,1.01843749008666
100,9,1,0.944344470803,1.1331001884103575
100,9,1,0.944344470803,0.8510753754697701
100,9,1,0.944344470803,1.2136237959003136
100,9,1,0.944344470803,0.8208094700861394
100,9,1,0.944344470803,1.1233934485157184
100,9,1,0.944344470803,0.87292928177353
100,9,1,0.944344470803,0.9345123081457246
100,9,1,0.944344470803,0.8235534048618355
100,9,1,0.944344470803,1.0845895656061144
100,9,1,0.944344470803,0.8142554432504161
100,9,1,0.944344470803,1.1997212342260868
100,9,1,0.944344470803,1.2456830291726217
100,9,1,0.944344470803,1.212611817376037
100,9,1,0.944344470803,1.0434302552020511
100,9,1,0.944344470803,0.9777311488124013
100,9,1,0.944344470803,0.9057395080671102
